{"loss": [1.4206427335739136, 0.45828473567962646, 0.2657376527786255, 0.18411760032176971, 0.1336088627576828, 0.10614623874425888, 0.08581727743148804, 0.07495199888944626, 0.06170559301972389, 0.05586864426732063], "accuracy": [0.582288920879364, 0.8558645844459534, 0.9142186641693115, 0.940678596496582, 0.9561988711357117, 0.9652037620544434, 0.9713919758796692, 0.9762002825737, 0.9807952046394348, 0.9815918803215027], "val_loss": [0.544131338596344, 0.32267433404922485, 0.246315136551857, 0.1484287679195404, 0.1999293565750122, 0.12381811439990997, 0.1288684755563736, 0.1130533367395401, 0.10579568892717361, 0.0942358523607254], "val_accuracy": [0.8351354598999023, 0.8929547071456909, 0.923287034034729, 0.9539039134979248, 0.9401889443397522, 0.961586594581604, 0.9632369875907898, 0.9663669466972351, 0.9680742025375366, 0.9716594815254211]}